actual,proposed
0.0,0.0
0.0,0.0
0.0,0.0
0.0,0.0
0.0,0.0
0.0,0.0
0.0,0.0
0.0,0.0
0.0,0.0
0.0,0.0
0.0,0.0
0.0,0.0
0.0,0.0
0.0,0.0
0.0,0.0
0.0,0.0
0.0,0.0
0.0,0.0
0.0,0.0
0.0,0.0
0.0,0.0
0.0,0.0
0.0,0.0
0.0,0.0
0.0,0.0
0.0,0.0
0.0,0.0
0.0,0.0
0.0,0.0
0.0,0.0
0.0,0.0
0.0,0.0
188.84799194335938,0.0
205.9004364013672,0.0
219.5424041748047,0.0
236.59483337402344,0.0
250.2367401123047,0.0
263.87872314453125,0.0
277.5206298828125,0.0
291.16259765625,0.0
301.39404296875,0.0
304.80450439453125,0.0
304.80450439453125,0.0
301.39404296875,0.0
301.39404296875,0.0
301.39404296875,0.0
301.39404296875,0.9156935811042786
301.39404296875,4.836301326751709
297.9835205078125,8.561352729797363
297.9835205078125,12.143133163452148
294.57305908203125,15.542389869689941
287.7520751953125,18.72138023376465
284.34161376953125,21.733339309692383
274.11016845703125,24.49516487121582
263.87872314453125,27.016477584838867
0.0,29.30652618408203
0.0,0.0
0.0,0.0
0.0,0.0
0.0,0.0
0.0,0.0
0.0,0.0
0.0,0.0
0.0,0.0
0.0,0.0
0.0,0.0
0.0,0.0
0.0,0.0
0.0,0.0
0.0,0.0
0.0,0.0
0.0,0.0
0.0,0.0
0.0,0.0
0.0,0.0
0.0,0.0
0.0,0.0
0.0,0.0
0.0,0.0
0.0,0.0
0.0,0.0
0.0,0.0
0.0,0.0
0.0,0.0
0.0,0.0
0.0,0.0
0.0,0.0
0.0,0.0
0.0,0.0
0.0,0.0
0.0,0.0
0.0,0.0
0.0,0.0
0.0,0.0
0.0,0.0
0.0,0.0
0.0,0.0
0.0,0.0
0.0,0.0
0.0,0.0
193.2340545654297,0.0
237.5703582763672,0.0
268.26470947265625,0.0
295.54864501953125,0.0
322.83245849609375,0.0
346.70587158203125,0.0
370.5793151855469,0.0
394.4527282714844,0.0
404.6841735839844,0.0
408.0946960449219,1.0684176683425903
418.3261413574219,6.51789665222168
435.3785095214844,11.98159408569336
438.7890319824219,17.2799129486084
442.1995544433594,22.419214248657227
452.4309997558594,27.49513816833496
459.2519226074219,32.465362548828125
469.4833679199219,37.37870788574219
472.8938903808594,42.14784622192383
469.4833679199219,46.68878936767578
466.0728454589844,51.010318756103516
0.0,55.07611083984375
0.0,0.0
0.0,0.0
0.0,0.0
0.0,0.0
0.0,0.0
0.0,0.0
0.0,0.0
0.0,0.0
0.0,0.0
0.0,0.0
0.0,0.0
0.0,0.0
0.0,0.0
0.0,0.0
0.0,0.0
0.0,0.0
0.0,0.0
0.0,0.0
0.0,0.0
0.0,0.0
0.0,0.0
0.0,0.0
0.0,0.0
0.0,0.0
0.0,0.0
0.0,0.0
0.0,0.0
0.0,0.0
0.0,0.0
0.0,0.0
0.0,0.0
0.0,0.0
0.0,0.0
0.0,0.0
0.0,0.0
0.0,0.0
0.0,0.0
0.0,0.0
0.0,0.0
0.0,0.0
0.0,0.0
0.0,0.0
0.0,0.0
0.0,0.0
0.0,0.0
0.0,0.0
0.0,0.0
0.0,0.0
0.0,0.0
0.0,0.0
0.0,0.0
0.0,0.0
0.0,0.0
0.0,0.0
0.0,0.0
0.0,0.0
0.0,0.0
0.0,0.0
0.0,0.0
0.0,0.0
0.0,0.0
0.0,0.0
0.0,0.0
0.0,0.0
0.0,0.0
0.0,0.0
0.0,0.0
0.0,0.0
0.0,0.0
0.0,0.0
0.0,0.0
0.0,0.0
0.0,0.0
0.0,0.0
0.0,0.0
0.0,0.0
0.0,0.0
0.0,0.0
0.0,0.0
0.0,0.0
0.0,0.0
0.0,0.0
0.0,0.0
206.4216766357422,0.0
230.29510498046875,0.0
254.16851806640625,0.0
271.22088623046875,0.0
291.68377685546875,0.0
308.73626708984375,0.0
0.0,0.0
0.0,0.0
0.0,0.0
0.0,0.0
0.0,0.0
0.0,0.0
0.0,0.0
0.0,0.0
0.0,0.0
0.0,0.0
0.0,0.0
0.0,0.0
0.0,0.0
0.0,0.0
0.0,0.0
0.0,0.0
0.0,0.0
0.0,0.0
0.0,0.0
0.0,0.0
0.0,0.0
0.0,0.0
0.0,0.0
0.0,0.0
0.0,0.0
0.0,0.0
0.0,0.0
0.0,0.0
0.0,0.0
0.0,0.0
0.0,0.0
0.0,0.0
0.0,0.0
0.0,0.0
0.0,0.0
0.0,0.0
0.0,0.0
0.0,0.0
0.0,0.0
0.0,0.0
0.0,0.0
0.0,0.0
0.0,0.0
0.0,0.0
0.0,0.0
0.0,0.0
0.0,0.0
0.0,0.0
0.0,0.0
0.0,0.0
0.0,0.0
0.0,0.0
0.0,0.0
0.0,0.0
0.0,0.0
0.0,0.0
0.0,0.0
0.0,0.0
0.0,0.0
0.0,0.0
0.0,0.0
0.0,0.0
0.0,0.0
0.0,0.0
0.0,0.0
0.0,0.0
0.0,0.0
0.0,0.0
0.0,0.0
0.0,0.0
0.0,0.0
0.0,0.0
0.0,0.0
0.0,0.0
0.0,0.0
0.0,0.0
0.0,0.0
0.0,0.0
0.0,0.0
0.0,0.0
0.0,0.0
0.0,0.0
0.0,0.0
0.0,0.0
0.0,0.0
0.0,0.0
0.0,0.0
0.0,0.0
0.0,0.0
0.0,0.0
0.0,0.0
0.0,0.0
0.0,0.0
0.0,0.0
0.0,0.0
0.0,0.0
0.0,0.0
0.0,0.0
0.0,0.0
0.0,0.0
0.0,0.0
0.0,0.0
0.0,0.0
0.0,0.0
0.0,0.0
0.0,0.0
0.0,0.0
0.0,0.0
0.0,0.0
0.0,0.0
0.0,0.0
0.0,0.0
0.0,0.0
0.0,0.0
0.0,0.0
0.0,0.0
0.0,0.0
0.0,0.0
0.0,0.0
0.0,0.0
0.0,0.0
0.0,0.0
0.0,0.0
0.0,0.0
0.0,0.0
0.0,0.0
0.0,0.0
0.0,0.0
0.0,0.0
0.0,0.0
0.0,0.0
0.0,0.0
0.0,0.0
0.0,0.0
0.0,0.0
0.0,0.0
0.0,0.0
0.0,0.0
0.0,0.0
0.0,0.0
0.0,15.911892890930176
0.0,17.224702835083008
0.0,18.442256927490234
0.0,19.61298179626465
0.0,20.7834415435791
0.0,21.908884048461914
0.0,22.99104118347168
0.0,24.03157615661621
0.0,25.121618270874023
0.0,26.08020782470703
0.0,26.912405014038086
0.0,27.757354736328125
0.0,28.569807052612305
0.0,29.351011276245117
0.0,30.1021671295166
0.0,30.779674530029297
0.0,31.38636016845703
0.0,31.92494773864746
0.0,32.44282150268555
0.0,32.89601135253906
0.0,33.33177185058594
0.0,33.70600891113281
0.0,34.021087646484375
0.0,34.32405090332031
0.0,34.615360260009766
0.0,34.94022750854492
0.0,35.252601623535156
0.0,35.55295944213867
0.0,35.79700469970703
0.0,36.07642364501953
0.0,36.345096588134766
0.0,36.60343933105469
0.0,36.85184097290039
0.0,37.09069061279297
0.0,37.32035446166992
0.0,37.496421813964844
0.0,37.66571807861328
0.0,37.82849884033203
0.0,37.94026184082031
0.0,38.047725677490234
0.0,38.19581604003906
0.0,38.293453216552734
0.0,38.342567443847656
0.0,38.34503173828125
0.0,38.25787353515625
0.0,38.08454132080078
0.0,37.87311553955078
0.0,37.669822692871094
0.0,37.42958450317383
0.0,37.198585510253906
0.0,36.931705474853516
0.0,36.63032913208008
0.0,36.340545654296875
0.0,36.151432037353516
0.0,35.88006591796875
0.0,35.574371337890625
0.0,35.23567581176758
0.0,34.95476531982422
0.0,34.59513854980469
0.0,34.24934387207031
0.0,33.916847229003906
0.0,33.55237579345703
0.0,33.15715789794922
0.0,32.82190704345703
0.0,32.499549865722656
0.0,32.18959045410156
0.0,31.802024841308594
0.0,31.429365158081055
0.0,30.98151206970215
0.0,30.50612449645996
0.0,30.00425910949707
0.0,29.476930618286133
0.0,28.969884872436523
0.0,28.48233985900879
0.0,27.96878433227539
0.0,27.43021583557129
0.0,26.912363052368164
0.0,26.36966323852539
0.0,25.75831413269043
0.0,25.125713348388672
0.0,24.517444610595703
0.0,24.0220947265625
0.0,23.590559005737305
0.0,23.130857467651367
0.0,22.6888370513916
0.0,22.263816833496094
0.0,21.855144500732422
0.0,21.506954193115234
0.0,21.17215347290039
0.0,20.80546760559082
0.0,20.408126831054688
0.0,20.026065826416016
0.0,19.56917381286621
0.0,19.040327072143555
0.0,18.53182029724121
0.0,18.087636947631836
0.0,17.705299377441406
0.0,17.33766746520996
0.0,17.02893829345703
0.0,16.82160758972168
0.0,16.622249603271484
0.0,16.385801315307617
0.0,16.158445358276367
0.0,15.895071983337402
0.0,15.597064018249512
0.0,15.310517311096191
0.0,15.079755783081055
0.0,14.678815841674805
0.0,14.15900993347168
0.0,13.52490520477295
0.0,12.825666427612305
0.0,12.10855770111084
0.0,11.463793754577637
0.0,10.933351516723633
0.0,10.423310279846191
0.0,9.798600196838379
0.0,9.108389854431152
0.0,8.399962425231934
0.0,7.718782424926758
0.0,7.019038200378418
0.0,6.30144739151001
0.0,5.566692352294922
0.0,4.949720859527588
0.0,4.356478691101074
0.0,3.7412941455841064
0.0,3.1945300102233887
0.0,2.7135589122772217
0.0,2.251086711883545
0.0,1.8511654138565063
0.0,1.5113892555236816
0.0,1.2742085456848145
0.0,1.1356734037399292
0.0,1.0472301244735718
0.0,1.0069520473480225
0.0,1.0577502250671387
0.0,1.196117877960205
0.0,1.3739272356033325
0.0,1.6344249248504639
0.0,2.0191903114318848
0.0,2.4786839485168457
0.0,2.965268611907959
0.0,3.4779016971588135
0.0,4.015582084655762
0.0,4.577345848083496
0.0,5.207026481628418
0.0,5.946779251098633
0.0,6.7923665046691895
0.0,7.73972225189209
0.0,8.784928321838379
0.0,9.834696769714355
0.0,10.888854026794434
0.0,11.99199390411377
0.0,13.052704811096191
0.0,14.162142753601074
0.0,15.273673057556152
0.0,16.43198013305664
0.0,17.635263442993164
0.0,18.881790161132812
0.0,20.12513542175293
0.0,21.320661544799805
0.0,22.514968872070312
0.0,23.663341522216797
0.0,24.767545700073242
0.0,25.784517288208008
0.0,26.762374877929688
0.0,27.65785789489746
0.0,28.51889991760254
0.0,29.346826553344727
0.0,30.142908096313477
0.0,30.953134536743164
0.0,31.73219871520996
0.0,32.52606201171875
0.0,33.28939437866211
0.0,33.978599548339844
0.0,34.686065673828125
0.0,35.41108322143555
0.0,36.10821533203125
0.0,36.86806106567383
0.0,37.59868240356445
0.0,38.34596252441406
0.0,39.06449890136719
0.0,39.71064376831055
0.0,40.28717041015625
0.0,40.79676055908203
0.0,41.33151626586914
0.0,41.845699310302734
0.0,42.340110778808594
0.0,42.905029296875
0.0,43.49298095703125
0.0,43.96879959106445
0.0,44.336788177490234
0.0,44.69062423706055
0.0,44.986083984375
0.0,45.22542190551758
0.0,45.41078567504883
0.0,45.6337890625
0.0,45.84821319580078
0.0,46.00962448120117
0.0,46.0753059387207
0.0,46.13846206665039
0.0,46.15442657470703
0.0,46.08024597167969
0.0,45.8746337890625
0.0,45.63216781616211
0.0,45.35426330566406
0.0,44.99751663208008
0.0,44.6097297668457
0.0,44.28162384033203
0.0,43.92137145996094
0.0,43.574974060058594
0.0,43.197139739990234
0.0,42.83383560180664
0.0,42.529266357421875
0.0,42.236412048339844
0.0,41.910057067871094
0.0,41.50673294067383
0.0,40.9846305847168
0.0,40.39308547973633
0.0,39.734764099121094
0.0,38.92271423339844
0.0,38.007606506347656
0.0,36.94864273071289
0.0,35.796119689941406
0.0,34.55363464355469
0.0,33.17988586425781
0.0,31.769445419311523
0.0,30.368494033813477
0.0,28.88713264465332
0.0,27.28369903564453
0.0,25.652406692504883
0.0,24.039093017578125
0.0,22.353544235229492
0.0,20.688060760498047
0.0,18.997106552124023
0.0,17.281661987304688
0.0,15.632195472717285
0.0,14.046170234680176
0.0,12.476387023925781
0.0,10.877452850341797
0.0,9.340015411376953
0.0,7.9064741134643555
0.0,6.5728325843811035
0.0,5.335245132446289
0.0,4.1900200843811035
0.0,3.13360595703125
0.0,2.207350254058838
0.0,1.451006531715393
0.0,0.8580436706542969
0.0,0.37741416692733765
0.0,0.04955720901489258
0.0,0.0
0.0,0.0
0.0,0.0
0.0,0.06217457726597786
0.0,0.3283607065677643
0.0,0.7185996174812317
0.0,1.317643165588379
0.0,2.0726969242095947
0.0,3.0672876834869385
0.0,4.247438907623291
0.0,5.561254024505615
0.0,7.00358772277832
0.0,8.524738311767578
0.0,10.076906204223633
0.0,11.658902168273926
0.0,13.26957893371582
0.0,14.90783405303955
0.0,16.48307991027832
0.0,17.997737884521484
0.0,19.45414161682129
0.0,20.809764862060547
0.0,22.023723602294922
0.0,23.14622688293457
0.0,24.1807918548584
0.0,25.13080406188965
0.0,25.9995174407959
0.0,26.745290756225586
0.0,27.417617797851562
0.0,28.0640869140625
0.0,28.730453491210938
0.0,29.281665802001953
0.0,29.722152709960938
0.0,30.190458297729492
0.0,30.73027801513672
0.0,31.24933624267578
0.0,31.70366668701172
0.0,32.095760345458984
0.0,32.47277069091797
0.0,32.88004684448242
0.0,33.31642150878906
0.0,33.78077697753906
0.0,34.31679916381836
0.0,34.83220672607422
0.0,35.32778549194336
0.0,35.8043098449707
0.0,36.3072624206543
0.0,36.790870666503906
0.0,37.30064392089844
0.0,37.74604415893555
0.0,38.12955856323242
0.0,38.49831771850586
0.0,38.85289764404297
0.0,39.1938362121582
0.0,39.43213653564453
0.0,39.571746826171875
0.0,39.616458892822266
0.0,39.659454345703125
0.0,39.566505432128906
0.0,39.47713088989258
0.0,39.301666259765625
0.0,39.04343032836914
0.0,38.79512405395508
0.0,38.51160430908203
0.0,38.28375244140625
0.0,38.06466293334961
0.0,37.76447677612305
0.0,37.475833892822266
0.0,37.19829177856445
0.0,36.93142318725586
0.0,36.67482376098633
0.0,36.24903869628906
0.0,35.75010299682617
0.0,35.09130859375
0.0,34.27880096435547
0.0,33.363250732421875
0.0,32.348628997802734
0.0,31.238740921020508
0.0,30.037250518798828
0.0,28.7476806640625
0.0,27.41818618774414
0.0,26.095064163208008
0.0,24.643779754638672
0.0,23.114023208618164
0.0,21.553577423095703
0.0,19.963624954223633
0.0,18.390060424804688
0.0,16.742727279663086
0.0,15.113988876342773
0.0,13.503135681152344
0.0,11.864710807800293
0.0,10.244539260864258
0.0,8.552393913269043
0.0,6.880568504333496
0.0,5.228280544281006
0.0,3.684305429458618
0.0,2.199713945388794
0.0,0.7722223401069641
0.0,0.0
0.0,0.0
0.0,0.0
0.0,0.0
0.0,0.0
0.0,0.0
0.0,0.0
0.0,0.0
0.0,0.0
0.0,0.0
0.0,0.0
0.0,0.0
0.0,0.0
0.0,0.0
0.0,0.0
0.0,0.0
0.0,0.0
0.0,0.0
0.0,0.8200768828392029
0.0,2.0418996810913086
0.0,3.3062522411346436
0.0,4.656266689300537
0.0,6.088644504547119
0.0,7.555457592010498
0.0,9.010619163513184
0.0,10.454575538635254
0.0,11.93251895904541
0.0,13.443144798278809
0.0,14.940434455871582
0.0,16.38013458251953
0.0,17.809226989746094
0.0,19.22811508178711
0.0,20.547670364379883
0.0,21.816471099853516
0.0,23.081235885620117
0.0,24.342119216918945
0.0,25.50974464416504
0.0,26.587697982788086
0.0,27.624189376831055
0.0,28.66558074951172
0.0,29.622156143188477
0.0,30.586702346801758
0.0,31.424623489379883
0.0,32.275081634521484
0.0,33.09282684326172
0.0,33.87912368774414
0.0,34.59041213989258
0.0,35.31910705566406
0.0,35.975013732910156
0.0,36.650455474853516
0.0,37.255157470703125
0.0,37.7470703125
0.0,38.22006607055664
0.0,38.540584564208984
0.0,38.80400848388672
0.0,39.01253890991211
0.0,39.12351989746094
0.0,39.31976318359375
0.0,39.46369171142578
0.0,39.60208511352539
0.0,39.60087203979492
0.0,39.68922424316406
0.0,39.818946838378906
0.0,39.85415267944336
0.0,39.84324264526367
0.0,39.8327522277832
0.0,39.77790069580078
0.0,39.72515869140625
0.0,39.67444610595703
0.0,39.5809211730957
0.0,39.44622802734375
0.0,39.27195358276367
0.0,39.1043815612793
0.0,38.89849090576172
0.0,38.655757904052734
0.0,38.37759780883789
0.0,38.02061080932617
0.0,37.632591247558594
0.0,37.304256439208984
0.0,36.94378662109375
0.0,36.59718322753906
0.0,36.26390838623047
0.0,35.89868927001953
0.0,35.50275421142578
0.0,35.07728958129883
0.0,34.489131927490234
0.0,33.83407211303711
0.0,33.20420837402344
0.0,32.50904083251953
0.0,31.70631980895996
0.0,30.800188064575195
0.0,29.839378356933594
0.0,28.736473083496094
0.0,27.586462020874023
0.0,26.346393585205078
0.0,25.06449317932129
0.0,23.742368698120117
0.0,22.381572723388672
0.0,20.98358917236328
0.0,19.505081176757812
0.0,17.904390335083008
0.0,16.275737762451172
0.0,14.620201110839844
0.0,12.983575820922852
0.0,11.409897804260254
0.0,9.896745681762695
0.0,8.397027969360352
0.0,6.999755382537842
0.0,5.656224250793457
0.0,4.3643670082092285
0.0,3.122196912765503
0.0,1.883039116859436
0.0,0.7363045811653137
0.0,0.0
0.0,0.0
0.0,0.0
0.0,0.0
0.0,0.0
0.0,0.0
0.0,0.0
0.0,0.0
0.0,0.0
0.0,0.0
0.0,0.0
0.0,0.0
0.0,0.0
0.0,0.0
0.0,0.0
0.0,0.0
0.0,0.0
0.0,0.0
0.0,0.0
0.0,0.0
0.0,0.0
0.0,0.0
0.0,0.0
0.0,0.0
0.0,0.6851120591163635
0.0,1.6883078813552856
0.0,2.6976828575134277
0.0,3.8025264739990234
0.0,4.954399108886719
0.0,6.1067328453063965
0.0,7.304272651672363
0.0,8.500516891479492
0.0,9.695515632629395
0.0,10.844552993774414
0.0,11.949396133422852
0.0,13.056509017944336
0.0,14.121041297912598
0.0,15.14462947845459
0.0,16.128849029541016
0.0,16.985685348510742
0.0,17.809568405151367
0.0,18.73604965209961
0.0,19.492610931396484
0.0,20.220073699951172
0.0,20.830028533935547
0.0,21.371761322021484
0.0,21.892658233642578
0.0,22.39352035522461
0.0,22.875118255615234
0.0,23.338193893432617
0.0,23.783456802368164
0.0,24.211597442626953
0.0,24.623268127441406
0.0,25.019107818603516
0.0,25.44448471069336
0.0,25.85350227355957
0.0,26.15726089477539
0.0,26.40457534790039
0.0,26.508089065551758
0.0,26.562856674194336
0.0,26.660282135009766
0.0,26.709196090698242
0.0,26.6219425201416
0.0,26.4932804107666
0.0,26.324804306030273
0.0,26.073280334472656
0.0,25.786672592163086
0.0,25.511085510253906
0.0,25.201335906982422
0.0,24.858736038208008
0.0,24.43978500366211
0.0,23.94742202758789
0.0,23.429235458374023
0.0,22.975738525390625
0.0,22.62921142578125
0.0,22.296010971069336
0.0,21.79657745361328
0.0,21.18206214904785
0.0,20.501657485961914
0.0,19.80265998840332
0.0,19.130544662475586
0.0,18.439517974853516
0.0,17.73030662536621
0.0,16.958845138549805
0.0,16.172290802001953
0.0,15.326465606689453
0.0,14.42364501953125
0.0,13.466021537780762
0.0,12.500470161437988
0.0,11.437764167785645
0.0,10.37116813659668
0.0,9.34559440612793
0.0,8.314702987670898
0.0,7.278697967529297
0.0,6.282538890838623
0.0,5.279933929443359
0.0,4.315890312194824
0.0,3.388925790786743
0.0,2.452850103378296
0.0,1.3737231492996216
0.0,0.29134130477905273
0.0,0.0
0.0,0.0
0.0,0.0
0.0,0.0
0.0,0.0
0.0,0.0
0.0,0.0
0.0,0.0
0.0,0.0
0.0,0.0
0.0,0.0
0.0,0.0
0.0,0.0
0.0,0.0
0.0,0.0
0.0,0.0
0.0,0.0
0.0,0.0
0.0,0.0
0.0,0.0
0.0,0.0
0.0,0.0
0.0,0.0
0.0,0.0
0.0,0.0
0.0,0.0
0.0,0.0
0.0,0.0
0.0,0.0
0.0,0.0
0.0,0.0
0.0,0.0
0.0,0.0
0.0,0.15171556174755096
0.0,1.3544808626174927
0.0,2.5557496547698975
0.0,3.8003387451171875
0.0,5.131350040435791
0.0,6.500695705413818
0.0,7.906897068023682
0.0,9.348541259765625
0.0,10.779500961303711
0.0,12.155424118041992
0.0,13.52319049835205
0.0,14.883110046386719
0.0,16.235488891601562
0.0,17.580615997314453
0.0,18.918771743774414
0.0,20.25022315979004
0.0,21.575227737426758
0.0,22.804508209228516
0.0,23.986507415771484
0.0,25.167810440063477
0.0,26.393199920654297
0.0,27.660987854003906
184.16587829589844,28.880014419555664
0.0,30.186445236206055
0.0,31.397865295410156
0.0,32.51792907714844
0.0,33.639678955078125
0.0,34.71828079223633
0.0,35.755401611328125
0.0,36.75263214111328
0.0,37.71150588989258
0.0,38.63349914550781
0.0,39.43050765991211
0.0,40.107330322265625
0.0,40.7133674621582
0.0,41.29608917236328
0.0,41.85640335083008
0.0,42.395164489746094
0.0,42.913204193115234
0.0,43.411319732666016
0.0,43.845516204833984
0.0,44.21824645996094
0.0,44.621402740478516
0.0,45.009056091308594
0.0,45.381797790527344
0.0,45.919254302978516
0.0,46.436038970947266
0.0,46.93294906616211
184.16580200195312,47.36598205566406
187.57603454589844,47.9614143371582
0.0,48.578704833984375
0.0,49.082733154296875
0.0,49.52260971069336
0.0,49.90080261230469
0.0,50.3092155456543
0.0,50.74668502807617
0.0,51.16732406616211
0.0,51.52702713012695
0.0,51.828128814697266
0.0,52.162410736083984
0.0,52.4390754699707
0.0,52.660335540771484
0.0,52.873085021972656
0.0,53.07765197753906
0.0,53.1848258972168
0.0,53.24311447143555
0.0,53.25440216064453
0.0,53.22048568725586
0.0,53.1878776550293
0.0,53.06699752807617
0.0,52.86124038696289
0.0,52.61863708496094
0.0,52.340599060058594
0.0,52.11801528930664
0.0,51.81446838378906
0.0,51.47783279418945
0.0,51.10938262939453
0.0,50.71034240722656
0.0,50.3266487121582
0.0,49.91294860839844
0.0,49.13267517089844
0.0,48.809661865234375
0.0,48.49907302856445
0.0,48.15566635131836
0.0,47.8702278137207
0.0,47.64052963256836
0.0,47.4196662902832
0.0,47.207298278808594
0.0,46.95833969116211
0.0,46.674190521240234
0.0,46.400970458984375
0.0,46.13825988769531
0.0,45.84088897705078
0.0,45.554954528808594
0.0,45.28002166748047
0.0,44.97089767456055
0.0,44.58413314819336
0.0,44.167484283447266
0.0,43.7668571472168
0.0,43.33687973022461
0.0,42.87867736816406
0.0,42.48286056518555
0.0,42.10226821899414
0.0,41.7363166809082
0.0,41.384437561035156
0.0,41.00132751464844
0.0,40.63295364379883
0.0,40.233985900878906
0.0,39.85036087036133
0.0,39.436729431152344
0.0,39.039005279541016
0.0,38.61181640625
0.0,38.201053619384766
0.0,37.85085678100586
0.0,37.514129638671875
0.0,37.19034957885742
0.0,36.923789978027344
0.0,36.71224594116211
0.0,36.5536003112793
0.0,36.356292724609375
0.0,36.12181091308594
0.0,35.89634704589844
0.0,35.6795539855957
0.0,35.471099853515625
0.0,35.27066421508789
0.0,35.122703552246094
0.0,35.02519226074219
0.0,34.976192474365234
0.0,34.929080963134766
0.0,34.83901596069336
0.0,34.752418518066406
0.0,34.75867462158203
0.0,34.809452056884766
0.0,34.813514709472656
0.0,34.817420959472656
0.0,34.8211784362793
0.0,34.82478713989258
0.0,34.873023986816406
0.0,34.964168548583984
0.0,35.05180740356445
0.0,35.04655075073242
0.0,34.996726989746094
0.0,34.993587493896484
0.0,34.99056625366211
0.0,34.942901611328125
0.0,34.80754470825195
0.0,34.63262939453125
0.0,34.46444320678711
0.0,34.3027229309082
0.0,34.10246276855469
0.0,33.9099006652832
0.0,33.67998504638672
0.0,33.414146423339844
0.0,33.113773345947266
0.0,32.780189514160156
0.0,32.4146728515625
0.0,32.01845169067383
0.0,31.59270477294922
0.0,31.272859573364258
0.0,30.965316772460938
0.0,30.66960334777832
0.0,30.38526153564453
0.0,30.1566219329834
0.0,29.93677520751953
0.0,29.7701473236084
0.0,29.56516456604004
0.0,29.368064880371094
0.0,29.178546905517578
0.0,29.04108238220215
0.0,28.908905029296875
0.0,28.73704719543457
0.0,28.57179832458496
0.0,28.502429962158203
0.0,28.480491638183594
0.0,28.45939826965332
0.0,28.349592208862305
0.0,28.199247360229492
0.0,28.09944725036621
0.0,27.958723068237305
0.0,27.823410034179688
0.0,27.738065719604492
0.0,27.656003952026367
0.0,27.577096939086914
0.0,27.5012264251709
0.0,27.428274154663086
0.0,27.40288543701172
0.0,27.378475189208984
0.0,27.310243606567383
0.0,27.199872970581055
0.0,27.183269500732422
0.0,27.21207046508789
0.0,27.194997787475586
0.0,27.044296264648438
0.0,26.899391174316406
0.0,26.715293884277344
0.0,26.538278579711914
0.0,26.32330894470215
0.0,26.116605758666992
0.0,25.91785430908203
0.0,25.72674560546875
0.0,25.542987823486328
0.0,25.366296768188477
0.0,25.19640350341797
0.0,25.033042907714844
0.0,24.92072868347168
0.0,24.857500076293945
0.0,24.751937866210938
0.0,24.650436401367188
0.0,24.508075714111328
0.0,24.37118911743164
0.0,24.284332275390625
0.0,24.200815200805664
0.0,24.075746536254883
0.0,23.910724639892578
0.0,23.662527084350586
0.0,23.379112243652344
0.0,23.106597900390625
0.0,22.799800872802734
0.0,22.460041046142578
0.0,22.088584899902344
0.0,21.731414794921875
0.0,21.43274688720703
0.0,21.145565032958984
0.0,20.869428634643555
0.0,20.603912353515625
0.0,20.348609924316406
0.0,20.103126525878906
0.0,19.867084503173828
0.0,19.640119552612305
0.0,19.37712287902832
0.0,19.124238967895508
0.0,18.88108253479004
0.0,18.647279739379883
0.0,18.422468185424805
0.0,18.251066207885742
0.0,18.086257934570312
0.0,17.927785873413086
0.0,17.730648040771484
0.0,17.496328353881836
0.0,17.271018981933594
0.0,17.009618759155273
0.0,16.668743133544922
0.0,16.25145149230957
0.0,15.805445671081543
0.0,15.421358108520508
0.0,15.096806526184082
0.0,14.784737586975098
0.0,14.529435157775879
0.0,14.328715324401855
0.0,14.1804780960083
0.0,13.993180274963379
0.0,13.813085556030273
0.0,13.639917373657227
0.0,13.428646087646484
0.0,13.180737495422363
0.0,12.987127304077148
0.0,12.800963401794434
0.0,12.621959686279297
0.0,12.494604110717773
0.0,12.416910171508789
0.0,12.297441482543945
0.0,12.048276901245117
0.0,11.853459358215332
0.0,11.666133880615234
0.0,11.486014366149902
0.0,11.268058776855469
0.0,11.01372241973877
0.0,10.724408149719238
0.0,10.490981101989746
0.0,10.221772193908691
0.0,9.9181547164917
0.0,9.581450462341309
0.0,9.212933540344238
0.0,8.858589172363281
0.0,8.473111152648926
0.0,8.102458953857422
0.0,7.790825843811035
0.0,7.491178512573242
0.0,7.203056335449219
0.0,6.926015853881836
0.0,6.614866733551025
0.0,6.315685272216797
0.0,5.98324728012085
0.0,5.618831634521484
0.0,5.268432140350342
0.0,4.886749744415283
0.0,4.474984169006348
0.0,4.034291744232178
0.0,3.5657856464385986
0.0,3.07053542137146
0.0,2.639096975326538
0.0,2.2690157890319824
0.0,1.9579319953918457
0.0,1.6588129997253418
0.0,1.3264349699020386
0.0,0.9620772004127502
0.0,0.6564967632293701
0.0,0.4074329733848572
0.0,0.2127121239900589
0.0,0.07024022936820984
0.0,0.06753867864608765
0.0,0.19923169910907745
0.0,0.32585960626602173
0.0,0.31332653760910034
0.0,0.3012755215167999
0.0,0.3344515562057495
0.0,0.36635157465934753
0.0,0.3970246911048889
0.0,0.426518052816391
0.0,0.544404149055481
0.0,0.6577562093734741
0.0,0.8115082383155823
0.0,1.0488739013671875
0.0,1.366637110710144
0.0,1.761702060699463
0.0,2.186335563659668
0.0,2.68416428565979
0.0,3.2523727416992188
0.0,3.8882503509521484
0.0,4.49967098236084
0.0,5.087575912475586
0.0,5.652868747711182
0.0,6.1964192390441895
0.0,6.719064712524414
0.0,7.221607685089111
0.0,7.74958610534668
0.0,8.257257461547852
0.0,8.700639724731445
0.0,9.082208633422852
0.0,9.449102401733398
0.0,9.801884651184082
0.0,10.141098022460938
0.0,10.422501564025879
0.0,10.737845420837402
0.0,11.041060447692871
0.0,11.332612991333008
0.0,11.747239112854004
0.0,12.280208587646484
0.0,12.882203102111816
0.0,13.550570487976074
0.0,14.282758712768555
0.0,15.031545639038086
0.0,15.796297073364258
0.0,16.576398849487305
0.0,17.371257781982422
0.0,18.0460205078125
0.0,18.60530662536621
0.0,19.098318099975586
0.0,19.527605056762695
0.0,19.940380096435547
0.0,20.382043838500977
0.0,20.62766456604004
0.0,20.774316787719727
0.0,20.870563507080078
0.0,21.00787353515625
0.0,21.184663772583008
0.0,21.44417953491211
0.0,21.738475799560547
0.0,22.06621742248535
0.0,22.426118850708008
0.0,23.104923248291016
0.0,23.42487335205078
0.0,23.73251724243164
0.0,24.073091506958008
0.0,24.40056800842285
0.0,24.7154483795166
0.0,24.97345542907715
0.0,25.176774978637695
0.0,25.417037963867188
0.0,25.603296279907227
0.0,25.782390594482422
0.0,25.999361038208008
0.0,26.20798683166504
0.0,26.408586502075195
0.0,26.511945724487305
0.0,26.521800994873047
0.0,26.48651885986328
0.0,26.363065719604492
0.0,26.244361877441406
0.0,26.174985885620117
0.0,26.108280181884766
0.0,25.999374389648438
0.0,25.939420700073242
0.0,25.837011337280273
0.0,25.649011611938477
0.0,25.423480987548828
0.0,25.11709976196289
0.0,24.688213348388672
0.0,24.23105812072754
0.0,23.746721267700195
0.0,23.23625373840332
0.0,22.70065689086914
0.0,22.185659408569336
0.0,21.645706176757812
0.0,21.171283721923828
0.0,20.759870529174805
0.0,20.229991912841797
0.0,19.675729751586914
0.0,19.053260803222656
0.0,18.320444107055664
0.0,17.526283264160156
0.0,16.717905044555664
0.0,15.895858764648438
0.0,15.060665130615234
0.0,14.25759506225586
0.0,13.485411643981934
0.0,12.608637809753418
0.0,11.67606258392334
0.0,10.7793550491333
0.0,10.006660461425781
0.0,9.353211402893066
0.0,8.724894523620605
0.0,8.25503158569336
0.0,7.803239345550537
0.0,7.41358757019043
0.0,6.994158744812012
0.0,6.590862274169922
0.0,6.2030768394470215
0.0,5.830206394195557
0.0,5.42691707611084
0.0,4.949612140655518
0.0,4.445901393890381
0.0,3.961564302444458
0.0,3.4958553314208984
0.0,3.0032947063446045
0.0,2.440155506134033
0.0,1.8986756801605225
0.0,1.3780218362808228
0.0,0.9669163823127747
0.0,0.5268591642379761
0.0,0.10372723639011383
0.0,0.0
0.0,0.0
0.0,0.0
0.0,0.0
0.0,0.0
0.0,0.0
0.0,0.0
0.0,0.0
0.0,0.0
0.0,0.0
0.0,0.0
0.0,0.0
0.0,0.0
0.0,0.0
0.0,0.0
0.0,0.0
0.0,0.0
0.0,0.0
0.0,0.0
0.0,0.0
0.0,0.0
0.0,0.0
0.0,0.0
0.0,0.0
0.0,0.0
0.0,0.0
0.0,0.0
0.0,0.0
0.0,0.0
0.0,0.0
0.0,0.0
0.0,0.0
0.0,0.0
0.0,0.0
0.0,0.0
0.0,0.0
0.0,0.0
0.0,0.0
0.0,0.0
0.0,0.0
0.0,0.0
0.0,0.0
0.0,0.0
0.0,0.0
0.0,0.0
0.0,0.0
0.0,0.0
0.0,0.0
0.0,0.0
0.0,0.0
0.0,0.0
0.0,0.0
0.0,0.0
0.0,0.0
0.0,0.0
0.0,0.0
0.0,0.0
0.0,0.0
0.0,0.0
0.0,0.0
0.0,0.0
0.0,0.0
0.0,0.0
0.0,0.0
0.0,0.0
0.0,0.0
0.0,0.0
0.0,0.0
0.0,0.0
0.0,0.0
0.0,0.0
0.0,0.0
0.0,0.0
0.0,0.0
0.0,0.0
0.0,0.0
0.0,0.0
0.0,0.0
0.0,0.0
0.0,0.0
0.0,0.0
0.0,0.0
0.0,0.0
0.0,0.0
0.0,0.0
0.0,0.0
0.0,0.0
0.0,0.0
0.0,0.0
0.0,0.0
0.0,0.0
0.0,0.0
0.0,0.0
0.0,0.0
0.0,0.0
0.0,0.0
0.0,0.0
0.0,0.0
0.0,0.0
0.0,0.0
0.0,0.0
0.0,0.0
0.0,0.0
0.0,0.0
0.0,0.0
0.0,0.0
0.0,0.0
0.0,0.0
0.0,0.0
0.0,0.0
0.0,0.0
0.0,0.0
0.0,0.0
0.0,0.0
0.0,0.0
0.0,0.0
0.0,0.0
0.0,0.0
0.0,0.0
0.0,0.0
0.0,0.0
0.0,0.0
0.0,0.0
0.0,0.0
0.0,0.0
0.0,0.0
0.0,0.0
0.0,0.0
0.0,0.0
0.0,0.0
0.0,0.0
0.0,0.0
0.0,0.0
0.0,0.0
0.0,0.0
0.0,0.1808178424835205
0.0,1.382463812828064
0.0,2.5378928184509277
0.0,3.693645477294922
0.0,4.760182857513428
0.0,5.785699367523193
0.0,6.8165364265441895
0.0,7.8077263832092285
0.0,8.716029167175293
0.0,9.544634819030762
0.0,10.207079887390137
0.0,10.754522323608398
0.0,11.325674057006836
0.0,11.874857902526855
0.0,12.49244213104248
0.0,13.131036758422852
0.0,13.655543327331543
0.0,14.115117073059082
0.0,14.467487335205078
0.0,14.761541366577148
0.0,14.954758644104004
0.0,15.095785140991211
0.0,15.141860008239746
0.0,15.141399383544922
0.0,15.096192359924316
0.0,15.00796127319336
0.0,14.967886924743652
0.0,14.839826583862305
0.0,14.671932220458984
0.0,14.555254936218262
0.0,14.398305892944336
0.0,14.202629089355469
0.0,13.924951553344727
0.0,13.657954216003418
0.0,13.311698913574219
0.0,12.844473838806152
0.0,12.2609281539917
0.0,11.61030387878418
0.0,10.939939498901367
0.0,10.205831527709961
0.0,9.455195426940918
0.0,8.688665390014648
0.0,7.906858444213867
0.0,7.065593719482422
0.0,6.077630996704102
0.0,5.038143634796143
0.0,3.9491090774536133
0.0,2.8571972846984863
0.0,1.6729952096939087
0.0,0.44481223821640015
0.0,0.0
0.0,0.0
0.0,0.0
0.0,0.0
0.0,0.0
0.0,0.0
0.0,0.0
0.0,0.0
0.0,0.0
0.0,0.0
0.0,0.0
0.0,0.0
0.0,0.0
0.0,0.0
0.0,0.0
0.0,0.0
0.0,0.0
0.0,0.0
0.0,0.0
0.0,0.0
0.0,0.0
0.0,0.0
0.0,0.0
0.0,0.0
0.0,0.0
0.0,0.0
0.0,0.0
0.0,0.0
0.0,0.0
0.0,0.0
0.0,0.0
0.0,0.0
0.0,0.0
0.0,0.0
0.0,0.0
0.0,0.0
0.0,0.0
0.0,0.0
0.0,0.9614916443824768
0.0,2.0435845851898193
0.0,3.0840587615966797
0.0,4.039751052856445
0.0,5.003449440002441
0.0,5.930082321166992
0.0,6.821075916290283
0.0,7.6330366134643555
0.0,8.41376781463623
0.0,9.119708061218262
0.0,9.708972930908203
0.0,10.230810165405273
0.0,10.687813758850098
0.0,11.172003746032715
0.0,11.63757038116455
0.0,12.085230827331543
0.0,12.470911026000977
0.0,12.796992301940918
0.0,13.06576919555664
0.0,13.324209213256836
0.0,13.527948379516602
0.0,13.679088592529297
0.0,13.779651641845703
0.0,13.831583023071289
0.0,13.791991233825684
0.0,13.709157943725586
0.0,13.584750175476074
0.0,13.5098876953125
0.0,13.437904357910156
0.0,13.323929786682129
0.0,13.214339256286621
0.0,13.064200401306152
0.0,12.919835090637207
0.0,12.691495895385742
0.0,12.38241195678711
0.0,11.995692253112793
0.0,11.579083442687988
0.0,11.088970184326172
0.0,10.528181076049805
0.0,9.899436950683594
0.0,9.205348014831543
0.0,8.4484281539917
0.0,7.67586088180542
0.0,6.843480587005615
0.0,5.953588008880615
0.0,5.008394718170166
0.0,4.010031700134277
0.0,2.9605400562286377
0.0,1.9066500663757324
0.0,0.8485307097434998
0.0,0.0
0.0,0.0
0.0,0.0
0.0,0.0
0.0,0.0
0.0,0.0
0.0,0.0
0.0,0.0
0.0,0.0
0.0,0.0
0.0,0.0
0.0,0.0
0.0,0.0
0.0,0.0
0.0,0.0
0.0,0.0
0.0,0.0
0.0,0.0
0.0,0.0
0.0,0.0
0.0,0.0
0.0,0.0
0.0,0.0
0.0,0.0
0.0,0.0
0.0,0.0
0.0,0.0
0.0,0.0
0.0,0.0
0.0,0.0
0.0,0.0
0.0,0.0
0.0,0.0
0.0,0.0
0.0,0.0
0.0,0.0
0.0,0.0
0.0,0.0
0.0,0.0
0.0,0.0
0.0,0.0
0.0,0.0
0.0,0.0
0.0,0.0
0.0,0.391012579202652
0.0,1.4950470924377441
0.0,2.601382255554199
0.0,3.7099297046661377
0.0,4.82060432434082
0.0,5.978083610534668
0.0,7.13580846786499
0.0,8.293768882751465
0.0,9.40719223022461
0.0,10.477790832519531
0.0,11.507213592529297
0.0,12.497042655944824
0.0,13.44880199432373
0.0,14.40871810913086
0.0,15.331714630126953
0.0,16.21921157836914
0.0,17.072574615478516
0.0,17.89311408996582
0.0,18.637332916259766
0.0,19.35292625427246
0.0,20.040996551513672
0.0,20.657840728759766
0.0,21.250959396362305
0.0,21.91079330444336
0.0,22.634775161743164
0.0,23.37567138671875
0.0,24.17759895324707
0.0,25.038209915161133
0.0,25.865720748901367
0.0,26.57187843322754
0.0,27.161348342895508
0.0,27.728145599365234
0.0,28.228384017944336
0.0,28.66461753845215
0.0,29.084074020385742
0.0,29.44263458251953
386.4859619140625,29.787403106689453
383.075439453125,123.60318756103516
383.075439453125,123.87718200683594
386.4859313964844,124.14064025878906
389.89642333984375,124.43872833251953
386.4859313964844,124.77011108398438
383.075439453125,125.04399108886719
372.8439636230469,125.2625732421875
355.79180908203125,125.33844757080078
355.79180908203125,125.1875991821289
325.0979919433594,124.81874084472656
311.4560241699219,124.2850112915039
297.8143310546875,123.59275817871094
294.40386962890625,122.74808502197266
294.40386962890625,121.89112854003906
287.5828857421875,120.97760772705078
280.7621765136719,120.00969696044922
253.4785614013672,118.89996337890625
246.65757751464844,117.65386199951172
236.42640686035156,116.36615753173828
236.42640686035156,114.99369049072266
222.78443908691406,113.49496459960938
215.9637451171875,111.96434783935547
188.6801300048828,110.31355285644531
0.0,108.54720306396484
0.0,106.71449279785156
0.0,104.86275482177734
0.0,102.9031753540039
0.0,100.79515838623047
0.0,98.58916473388672
497.1041259765625,96.2889633178711
483.46246337890625,224.75440979003906
469.8207702636719,222.2765350341797
456.1788024902344,219.71490478515625
439.1266784667969,217.02796936035156
422.07452392578125,214.2205810546875
411.8430480957031,211.3868865966797
401.6118469238281,208.5278778076172
387.96990966796875,205.5997772216797
374.3282470703125,202.60525512695312
360.68658447265625,199.54684448242188
347.04461669921875,196.42701721191406
329.9924621582031,193.203369140625
309.5298156738281,189.8351287841797
295.88787841796875,186.41738891601562
282.2462158203125,182.95204162597656
268.60455322265625,179.44093322753906
251.55238342285156,175.84104919433594
234.4999542236328,172.1558074951172
217.4477996826172,168.38848876953125
196.98516845703125,164.49749755859375
0.0,160.48756408691406
0.0,156.36329650878906
0.0,152.17384338378906
0.0,147.92169189453125
469.27899169921875,143.60928344726562
452.226806640625,263.58465576171875
431.7641906738281,259.1138000488281
418.1225280761719,254.6358642578125
407.89105224609375,250.19586181640625
397.6597595214844,245.79232788085938
387.4284362792969,241.4238739013672
380.6074523925781,237.1339111328125
366.9657897949219,232.8299102783203
353.323974609375,228.5123748779297
336.2718200683594,224.13710021972656
319.2195129394531,219.70628356933594
302.1673889160156,215.22207641601562
285.1150817871094,210.68650817871094
271.4732971191406,206.14634704589844
251.0106658935547,201.51222229003906
230.5480194091797,196.78775024414062
210.08538818359375,191.97642517089844
189.6227569580078,187.08155822753906
0.0,182.10638427734375
0.0,177.0987548828125
0.0,172.1046600341797
0.0,167.03408813476562
0.0,161.93470764160156
0.0,156.80764770507812
0.0,151.69873046875
0.0,146.6520233154297
0.0,141.66513061523438
0.0,136.64622497558594
0.0,131.64129638671875
0.0,126.64981842041016
0.0,121.71603393554688
0.0,116.88248443603516
0.0,112.10054779052734
0.0,107.36824798583984
309.53497314453125,102.72843170166016
302.7139892578125,217.0754852294922
295.8931579589844,212.610107421875
289.07232666015625,208.22694396972656
289.07232666015625,204.0123748779297
289.07232666015625,199.95989990234375
285.66180419921875,196.01852416992188
285.66180419921875,192.22872924804688
278.84100341796875,188.49517822265625
272.02001953125,184.81570434570312
268.6095275878906,181.2329864501953
265.1991882324219,177.7432861328125
254.96786499023438,174.2535400390625
244.73655700683594,170.76370239257812
237.91558837890625,167.31857299804688
231.09475708007812,163.9164276123047
227.68426513671875,160.60037231445312
224.27392578125,157.36709594726562
220.86343383789062,154.21339416503906
214.04246520996094,151.0914764404297
200.40081787109375,147.91058349609375
196.9903106689453,144.80726623535156
0.0,141.64425659179688
0.0,138.5133819580078
0.0,135.45814514160156
0.0,132.430908203125
0.0,129.47532653808594
0.0,126.58866882324219
0.0,123.67874145507812
0.0,120.79121398925781
489.8236083984375,117.88045501708984
483.0027770996094,237.0364532470703
472.77130126953125,234.1249237060547
469.3609619140625,231.28060913085938
459.129638671875,228.41140747070312
455.71917724609375,225.6077880859375
452.30865478515625,222.86724853515625
445.4878234863281,220.142578125
435.25653076171875,217.38841247558594
428.4356994628906,214.65065002441406
418.2042541503906,211.8839111328125
411.3834228515625,209.13404846191406
404.56256103515625,206.40042114257812
397.7416076660156,203.6824188232422
390.9207763671875,200.9794158935547
380.6894836425781,198.24609375
373.86865234375,195.52838134765625
363.6371765136719,192.7808837890625
356.81634521484375,190.049560546875
349.99554443359375,187.333740234375
343.174560546875,184.6328582763672
339.76422119140625,181.9910888671875
336.3537292480469,179.4061737060547
329.53289794921875,176.83114624023438
322.7119445800781,174.265625
315.89111328125,171.70925903320312
305.6597900390625,169.11692810058594
298.83880615234375,166.53477478027344
288.6075134277344,163.9176483154297
278.3761901855469,161.2668914794922
268.1448974609375,158.5837860107422
257.91357421875,155.86959838867188
251.09275817871094,153.17027282714844
240.8614501953125,150.44049072265625
234.0404815673828,147.72616577148438
593.9955444335938,145.07147216796875
587.174560546875,266.430419921875
580.3536987304688,263.8004150390625
570.1224365234375,261.1372375488281
559.89111328125,258.4422302246094
553.0701293945312,255.7613525390625
546.249267578125,253.09405517578125
539.428466796875,250.43980407714844
529.197021484375,247.7533721923828
512.1448974609375,244.94644165039062
491.6822814941406,241.9788818359375
467.8091735839844,238.8121337890625
450.75701904296875,235.54336547851562
437.115234375,232.2212677001953
416.6526184082031,228.75836181640625
396.1900329589844,225.16006469726562
372.3169250488281,221.38682556152344
355.2646484375,217.53489685058594
341.62298583984375,213.65206909179688
331.3916931152344,209.78428649902344
314.33941650390625,205.84146118164062
304.10809326171875,201.91598510742188
290.46630859375,197.96243286132812
273.4141845703125,193.9371337890625
259.77239990234375,189.88760375976562
246.1306915283203,185.81475830078125
232.48890686035156,181.7195281982422
222.25759887695312,177.6475067138672
208.61581420898438,173.5530548095703
198.38450622558594,169.48178100585938
191.56369018554688,165.4775848388672
